Rank,Name,Username,Date
Rank: 1,Name: Ashley,Username: @AshGriffiths,Date: 5/27/2023
Rank: 2,Name: Matthew,Username: @skovranek,Date: 6/29/2023
Rank: 3,Name: Theo,Username: @katomyomachia,Date: 6/30/2023
Rank: 4,Name: Doo,Username: @doovel,Date: 9/6/2023
Rank: 5,Name: Maciej,Username: @icepick,Date: 10/3/2023
Rank: 6,Name: Christian,Username: @chrezt01,Date: 10/6/2023
Rank: 7,Name: Jordi,Username: @jordicido,Date: 10/15/2023
Rank: 8,Name: Christopher,Username: @christopherplain,Date: 10/21/2023
Rank: 9,Name: Balazs,Username: @balazsjuhasz,Date: 10/29/2023
Rank: 10,Name: Mario,Username: @lameconsideration07,Date: 11/16/2023
Rank: 11,Name: Derryn,Username: @windwolf,Date: 11/23/2023
Rank: 12,Name: Daniel,Username: @builciber,Date: 11/24/2023
Rank: 13,Name: Rohan,Username: @priceysoil47,Date: 11/24/2023
Rank: 14,Name: Dam,Username: @damtru,Date: 11/28/2023
Rank: 15,Name: George,Username: @lastbonus43,Date: 12/3/2023
Rank: 16,Name: Philip,Username: @zestytap75,Date: 12/7/2023
Rank: 17,Name: Nick,Username: @nickrowe,Date: 12/11/2023
Rank: 18,Name: Volodymyr,Username: @brutalv4,Date: 12/13/2023
Rank: 19,Name: Nick,Username: @npeterson,Date: 12/15/2023
Rank: 20,Name: Sebastian,Username: @sebito91,Date: 12/19/2023
Rank: 21,Name: Travis,Username: @gleefulinternal87,Date: 12/25/2023
Rank: 22,Name: Andrei,Username: @mahalel,Date: 12/27/2023
Rank: 23,Name: MajesticBeast,Username: @majesticbeast,Date: 1/4/2024
Rank: 24,Name: Sean,Username: @thegreatestgiant,Date: 1/5/2024
Rank: 25,Name: Mike,Username: @impracticalwind70,Date: 1/9/2024
Rank: 26,Name: _RM_,Username: @lam,Date: 1/14/2024
Rank: 27,Name: Krishnansh,Username: @dawkrish,Date: 1/14/2024
Rank: 28,Name: Manuel,Username: @wastefulfail27,Date: 1/14/2024
Rank: 29,Name: Mike,Username: @mike.klimanek,Date: 1/17/2024
Rank: 30,Name: Raja,Username: @rajagenupula,Date: 1/18/2024
Rank: 31,Name: Nick,Username: @wobblypace84,Date: 2/5/2024
Rank: 32,Name: Andrew,Username: @andrew_p,Date: 2/6/2024
Rank: 33,Name: Keenan,Username: @keenanfaure,Date: 2/8/2024
Rank: 34,Name: Charles,Username: @grizzledenvironment03,Date: 2/11/2024
Rank: 35,Name: Nick,Username: @trolfu,Date: 2/14/2024
Rank: 36,Name: Dan,Username: @squashd,Date: 2/16/2024
Rank: 37,Name: Isaac,Username: @isaac-flath,Date: 2/18/2024
Rank: 38,Name: Armin,Username: @avearmin,Date: 2/20/2024
Rank: 39,Name: Martynas,Username: @aspiringvegetarian,Date: 2/23/2024
Rank: 40,Name: Abhi,Username: @passerby,Date: 2/24/2024
Rank: 41,Name: Andrew,Username: @mediawakeb0ard,Date: 2/25/2024
Rank: 42,Name: Sacha,Username: @infantilepurpose10,Date: 3/3/2024
Rank: 43,Name: Jacob,Username: @cruelrelative31,Date: 3/4/2024
Rank: 44,Name: Colin,Username: @cjbagley,Date: 3/9/2024
Rank: 45,Name: Rares,Username: @meekindependent75,Date: 3/9/2024
Rank: 46,Name: yisroel,Username: @yisroel,Date: 3/14/2024
Rank: 47,Name: Kevin,Username: @kevthedevx,Date: 3/15/2024
Rank: 48,Name: Alfonsas,Username: @d_alfa,Date: 3/15/2024
Rank: 49,Name: Francisco,Username: @frivas,Date: 3/15/2024
Rank: 50,Name: Temporal,Username: @temporalvoyage,Date: 3/16/2024
Rank: 51,Name: Kendry,Username: @kengru,Date: 3/21/2024
Rank: 52,Name: Serge,Username: @hurtfulpack75,Date: 3/23/2024
Rank: 53,Name: James,Username: @threegoldenhairs,Date: 3/25/2024
Rank: 54,Name: Alexandru Sorin,Username: @aspopescu,Date: 3/25/2024
Rank: 55,Name: Jayesh,Username: @failingassist24,Date: 3/25/2024
Rank: 56,Name: Alex,Username: @4lex.ir4,Date: 3/26/2024
Rank: 57,Name: Luka,Username: @scratchyconsequence55,Date: 3/26/2024
Rank: 58,Name: Noelle,Username: @ellielle,Date: 3/27/2024
Rank: 59,Name: Christopher,Username: @impressivestatus55,Date: 3/28/2024
Rank: 60,Name: Leonardo,Username: @lmscunha,Date: 4/2/2024
Rank: 61,Name: Jeff,Username: @geophpherie,Date: 4/4/2024
Rank: 62,Name: Matt,Username: @eremeir,Date: 4/4/2024
Rank: 63,Name: Luis,Username: @lfalva,Date: 4/6/2024
Rank: 64,Name: Ross,Username: @excitedwhole69,Date: 4/8/2024
Rank: 65,Name: Peter,Username: @worsthealth58,Date: 4/8/2024
Rank: 66,Name: Jason,Username: @pummelhead,Date: 4/9/2024
Rank: 67,Name: David,Username: @davanders,Date: 4/13/2024
Rank: 68,Name: Zino,Username: @singledream81,Date: 4/14/2024
Rank: 69,Name: Ken,Username: @dmik,Date: 4/19/2024
Rank: 70,Name: Daniel,Username: @reasonablecommon86,Date: 4/19/2024
Rank: 71,Name: Sean,Username: @natac,Date: 4/20/2024
Rank: 72,Name: deepak,Username: @logsbydeepak,Date: 4/21/2024
Rank: 73,Name: Enea,Username: @eneax,Date: 4/21/2024
Rank: 74,Name: Mauricio,Username: @balbars,Date: 4/22/2024
Rank: 75,Name: jsec,Username: @jsec,Date: 4/22/2024
Rank: 76,Name: Michael,Username: @composedmistake18,Date: 4/23/2024
Rank: 77,Name: Ryan,Username: @sirpandathered,Date: 4/24/2024
Rank: 78,Name: Diego,Username: @diegosano,Date: 4/24/2024
Rank: 79,Name: Oleks,Username: @youthfulpositive87,Date: 4/24/2024
Rank: 80,Name: Patrick,Username: @pmwals09,Date: 4/25/2024
Rank: 81,Name: Aleksa,Username: @classicaddress95,Date: 4/26/2024
Rank: 82,Name: To√†n,Username: @nt2311-vn,Date: 4/26/2024
Rank: 83,Name: marcadrian,Username: @vividclaim48,Date: 4/28/2024
Rank: 84,Name: Bartosz,Username: @avanrish,Date: 4/30/2024
Rank: 85,Name: Jos√©,Username: @baggycarry44,Date: 5/1/2024
Rank: 86,Name: Andrew,Username: @alm,Date: 5/2/2024
Rank: 87,Name: Gabriel,Username: @pullrequest,Date: 5/2/2024
Rank: 88,Name: Stephen,Username: @steveg152,Date: 5/3/2024
Rank: 89,Name: Scott,Username: @fullmetal55,Date: 5/3/2024
Rank: 90,Name: Mohammed El-Mustafa,Username: @zikkas,Date: 5/5/2024
Rank: 91,Name: Marin,Username: @oblongnurse50,Date: 5/6/2024
Rank: 92,Name: Michael,Username: @dogwizz,Date: 5/7/2024
Rank: 93,Name: Mads Bach,Username: @amazinginitiative38,Date: 5/11/2024
Rank: 94,Name: Sergei,Username: @sorrowfulresolution10,Date: 5/14/2024
Rank: 95,Name: Pavel,Username: @extra-smallband01,Date: 5/14/2024
Rank: 96,Name: Vali,Username: @vali19th,Date: 5/15/2024
Rank: 97,Name: Marcin,Username: @izoslav,Date: 5/16/2024
Rank: 98,Name: Salom√≥n,Username: @schambig,Date: 5/16/2024
Rank: 99,Name: Adam,Username: @ashoof,Date: 5/16/2024
Rank: 100,Name: Azazel,Username: @icypermission27,Date: 5/17/2024
Rank: 101,Name: djstix,Username: @djstix,Date: 5/17/2024
Rank: 102,Name: -,Username: @spookerton,Date: 5/19/2024
Rank: 103,Name: Tyler,Username: @thenamesty45,Date: 5/19/2024
Rank: 104,Name: Anthony,Username: @anthy,Date: 5/19/2024
Rank: 105,Name: Dane,Username: @dane,Date: 5/20/2024
Rank: 106,Name: Matt,Username: @uncomfortablecheek42,Date: 5/20/2024
Rank: 107,Name: Vicente,Username: @altigore,Date: 5/20/2024
Rank: 108,Name: docherak,Username: @docherak,Date: 5/21/2024
Rank: 109,Name: William,Username: @wtwingate,Date: 5/22/2024
Rank: 110,Name: Tai,Username: @warptux,Date: 5/22/2024
Rank: 111,Name: Nicholas,Username: @grimyprofit26,Date: 5/23/2024
Rank: 112,Name: Jesper,Username: @joads,Date: 5/23/2024
Rank: 113,Name: R,Username: @skeletalhalf40,Date: 5/24/2024
Rank: 114,Name: Micha≈Ç,Username: @rashrip05,Date: 5/24/2024
Rank: 115,Name: Duy,Username: @lppduy,Date: 5/25/2024
Rank: 116,Name: Krit,Username: @friday1602,Date: 5/26/2024
Rank: 117,Name: Dima,Username: @dimrev,Date: 5/26/2024
Rank: 118,Name: Jeppe,Username: @smoothsignature51,Date: 5/27/2024
Rank: 119,Name: Julian,Username: @idlesand35,Date: 5/29/2024
Rank: 120,Name: cr-vx,Username: @cr-vx,Date: 5/29/2024
Rank: 121,Name: Ryan,Username: @thakrisp,Date: 5/29/2024
Rank: 122,Name: Rodrigo,Username: @rodjacznik,Date: 5/30/2024
Rank: 123,Name:  ï ‚Ä¢·¥•‚Ä¢ î,Username: @nyxenn,Date: 6/1/2024
Rank: 124,Name: David,Username: @hacdan,Date: 6/1/2024
Rank: 125,Name: Roman,Username: @monstrousselection52,Date: 6/2/2024
Rank: 126,Name: Garrett,Username: @questionablestudio30,Date: 6/2/2024
Rank: 127,Name: No,Username: @fearlesssignature12,Date: 6/2/2024
Rank: 128,Name: gerald,Username: @gerald,Date: 6/3/2024
Rank: 129,Name: Vi·ªát,Username: @awesomeworth30,Date: 6/3/2024
Rank: 130,Name: Justin,Username: @adu,Date: 6/5/2024
Rank: 131,Name: Brandon,Username: @inviber,Date: 6/5/2024
Rank: 132,Name: Casey,Username: @cknolla,Date: 6/5/2024
Rank: 133,Name: Jack,Username: @jack.lion,Date: 6/5/2024
Rank: 134,Name: Ricardo,Username: @katalcha,Date: 6/7/2024
Rank: 135,Name: A,Username: @asproson,Date: 6/8/2024
Rank: 136,Name: Albert,Username: @nervouscoast90,Date: 6/8/2024
Rank: 137,Name: Shivam,Username: @maniac,Date: 6/9/2024
Rank: 138,Name: Gergana,Username: @geshy,Date: 6/9/2024
Rank: 139,Name: A,Username: @ralex999,Date: 6/10/2024
Rank: 140,Name: Kings,Username: @kingso,Date: 6/11/2024
Rank: 141,Name: Peter,Username: @wrathfulphysics49,Date: 6/11/2024
Rank: 142,Name: Dave,Username: @dkennard3,Date: 6/11/2024
Rank: 143,Name: Michael,Username: @dusq,Date: 6/11/2024
Rank: 144,Name: Ted,Username: @tedkim,Date: 6/12/2024
Rank: 145,Name: Alex,Username: @alexd,Date: 6/12/2024
Rank: 146,Name: Greg,Username: @grepexdev,Date: 6/13/2024
Rank: 147,Name: Ethan,Username: @fragrantset30,Date: 6/13/2024
Rank: 148,Name: Erik,Username: @urzathran,Date: 6/14/2024
Rank: 149,Name: Abraham,Username: @distrollo,Date: 6/14/2024
Rank: 150,Name: Marijn,Username: @mehrain,Date: 6/14/2024
Rank: 151,Name: Hubertas,Username: @fortunateknee25,Date: 6/14/2024
Rank: 152,Name: Oliver,Username: @oday,Date: 6/15/2024
Rank: 153,Name: Thazulk,Username: @indelibleuniversity40,Date: 6/17/2024
Rank: 154,Name: Jack,Username: @bigbabyjack,Date: 6/17/2024
Rank: 155,Name: Dylan,Username: @ardentcobra,Date: 6/18/2024
Rank: 156,Name: Gabriel,Username: @boilingcredit61,Date: 6/18/2024
Rank: 157,Name: Michael,Username: @roughegg08,Date: 6/18/2024
Rank: 158,Name: Feliche-Demian,Username: @hastydirt79,Date: 6/19/2024
Rank: 159,Name: Tales,Username: @itztales,Date: 6/19/2024
Rank: 160,Name: Patrick,Username: @secondbill80,Date: 6/21/2024
Rank: 161,Name: Leon,Username: @frizzyhouse16,Date: 6/22/2024
Rank: 162,Name: Cameron,Username: @preciousaspect44,Date: 6/22/2024
Rank: 163,Name: Gonzalo,Username: @gonza,Date: 6/22/2024
Rank: 164,Name: Thiago,Username: @moralskill64,Date: 6/23/2024
Rank: 165,Name: keylan,Username: @calamity,Date: 6/23/2024
Rank: 166,Name: Marek,Username: @ph03nix,Date: 6/23/2024
Rank: 167,Name: Simone,Username: @sp3dr4,Date: 6/24/2024
Rank: 168,Name: Woodchuck,Username: @woodchuck,Date: 6/24/2024
Rank: 169,Name: AhGr3y,Username: @excellentcommittee95,Date: 6/24/2024
Rank: 170,Name: Marc Wesley,Username: @waterybirthday80,Date: 6/24/2024
Rank: 171,Name: Delvoid,Username: @delvoid,Date: 6/25/2024
Rank: 172,Name: Alexander,Username: @juicyweather69,Date: 6/25/2024
Rank: 173,Name: JP,Username: @jp2024,Date: 6/26/2024
Rank: 174,Name: Dan,Username: @danbanta,Date: 6/26/2024
Rank: 175,Name: Jan-Stefan,Username: @gottz,Date: 6/26/2024
Rank: 176,Name: Murillo,Username: @murillo,Date: 6/27/2024
Rank: 177,Name: Anas,Username: @youngrevolution56,Date: 6/28/2024
Rank: 178,Name: Dariusz,Username: @regaleat58,Date: 6/28/2024
Rank: 179,Name: Adam,Username: @adam_thiede,Date: 6/28/2024
Rank: 180,Name: Josh,Username: @sillyinternettricks,Date: 6/29/2024
Rank: 181,Name: Bryan,Username: @pholice,Date: 6/29/2024
Rank: 182,Name: Michael,Username: @unfitgreen12,Date: 7/1/2024
Rank: 183,Name: Mateusz,Username: @distantstar92,Date: 7/1/2024
Rank: 184,Name: Rasmus,Username: @peert,Date: 7/1/2024
Rank: 185,Name: Braeden,Username: @mvpbv,Date: 7/1/2024
Rank: 186,Name: Gabriel,Username: @gmunhoz,Date: 7/1/2024
Rank: 187,Name: atul,Username: @atulyasubedi,Date: 7/3/2024
Rank: 188,Name: Ammar,Username: @far-offrecording00,Date: 7/3/2024
Rank: 189,Name: Danny,Username: @dismalisland72,Date: 7/3/2024
Rank: 190,Name: Diego,Username: @numbproof92,Date: 7/4/2024
Rank: 191,Name: Matt,Username: @outlyingback96,Date: 7/4/2024
Rank: 192,Name: Adam,Username: @fussyneck47,Date: 7/4/2024
Rank: 193,Name: Ji≈ô√≠,Username: @nowitch,Date: 7/4/2024
Rank: 194,Name: Bryant,Username: @organiccap31,Date: 7/4/2024
Rank: 195,Name: Uwe,Username: @roughdraw96,Date: 7/5/2024
Rank: 196,Name: Kane,Username: @kanepear,Date: 7/5/2024
Rank: 197,Name: Gf,Username: @prettydouble29,Date: 7/5/2024
Rank: 198,Name: Mathieu,Username: @regardedglizzy,Date: 7/6/2024
Rank: 199,Name: Jonathan,Username: @sure-footedrecover32,Date: 7/6/2024
Rank: 200,Name: David,Username: @unhappybalance61,Date: 7/6/2024
Rank: 201,Name: Lixen,Username: @lixen,Date: 7/6/2024
Rank: 202,Name: Alan,Username: @quarrelsomeglad22,Date: 7/7/2024
Rank: 203,Name: Mat,Username: @trisc,Date: 7/7/2024
Rank: 204,Name: DireTabacchi,Username: @diredragon,Date: 7/8/2024
Rank: 205,Name: saubuny,Username: @saubuny,Date: 7/8/2024
Rank: 206,Name: Pedro,Username: @lividdrive38,Date: 7/9/2024
Rank: 207,Name: Andrew,Username: @circularevent95,Date: 7/9/2024
Rank: 208,Name: Eric,Username: @eric,Date: 7/10/2024
Rank: 209,Name: Jakob,Username: @jacko,Date: 7/10/2024
Rank: 210,Name: Bartas,Username: @writhingclerk31,Date: 7/10/2024
Rank: 211,Name: Domenico,Username: @agonizingfruit65,Date: 7/11/2024
Rank: 212,Name: Sebastian,Username: @aridanywhere63,Date: 7/12/2024
Rank: 213,Name: Luis,Username: @luisdi,Date: 7/12/2024
Rank: 214,Name: Roman,Username: @rhushpit,Date: 7/14/2024
Rank: 215,Name: Kuang-Yu,Username: @kuangyuwu,Date: 7/14/2024
Rank: 216,Name: Piotr,Username: @potato,Date: 7/14/2024
Rank: 217,Name: Christopher,Username: @cmon1975,Date: 7/14/2024
Rank: 218,Name: Felix,Username: @fhilgers,Date: 7/15/2024
Rank: 219,Name: Christopher,Username: @conwaycj,Date: 7/15/2024
Rank: 220,Name: üìé,Username: @üóø,Date: 7/15/2024
Rank: 221,Name: Jan,Username: @faintmine68,Date: 7/15/2024
Rank: 222,Name: Aaditya,Username: @3ternalsage,Date: 7/16/2024
Rank: 223,Name: Gavin,Username: @drearyextreme89,Date: 7/17/2024
Rank: 224,Name: Bret,Username: @mixedaward57,Date: 7/17/2024
Rank: 225,Name: Nicholas,Username: @nicoschwartz,Date: 7/18/2024
Rank: 226,Name: Mickael,Username: @mikeysnow,Date: 7/18/2024
Rank: 227,Name: Evan,Username: @gnarlylasagna,Date: 7/18/2024
Rank: 228,Name: Zareh,Username: @drzhivago,Date: 7/19/2024
Rank: 229,Name: Emanuel,Username: @eeyieryi,Date: 7/19/2024
Rank: 230,Name: Scott,Username: @dopeyday66,Date: 7/19/2024
Rank: 231,Name: Colt,Username: @coltiq,Date: 7/19/2024
Rank: 232,Name: SkyeFox,Username: @skyefox,Date: 7/19/2024
Rank: 233,Name: Thomas,Username: @scuttlebud,Date: 7/20/2024
Rank: 234,Name: Bruno,Username: @bhashimoto,Date: 7/21/2024
Rank: 235,Name: David,Username: @ds1242,Date: 7/21/2024
Rank: 236,Name: Richard,Username: @richardhaddadau,Date: 7/21/2024
Rank: 237,Name: Hannah,Username: @untidyroof32,Date: 7/22/2024
Rank: 238,Name: √ßetin,Username: @meagermanufacturer25,Date: 7/22/2024
Rank: 239,Name: Kriszti√°n,Username: @stunningpsychology91,Date: 7/22/2024
Rank: 240,Name: Antonio,Username: @nto,Date: 7/22/2024
Rank: 241,Name: Aleth,Username: @sparklingmatch71,Date: 7/22/2024
Rank: 242,Name: CK-7vn,Username: @ck-7vn,Date: 7/23/2024
Rank: 243,Name: Carlos,Username: @naturalmonitor09,Date: 7/23/2024
Rank: 244,Name: Thor-Erling,Username: @blucoll,Date: 7/24/2024
Rank: 245,Name: Dan,Username: @captum,Date: 7/24/2024
Rank: 246,Name: Patricija,Username: @pat955,Date: 7/24/2024
Rank: 247,Name: Hayden,Username: @velvetyapple29,Date: 7/26/2024
Rank: 248,Name: Alec,Username: @alecthedev,Date: 7/26/2024
Rank: 249,Name: √Ålvaro,Username: @fantasticapple81,Date: 7/26/2024
Rank: 250,Name: Davide,Username: @darlingcopy56,Date: 7/26/2024
Rank: 251,Name: Sam,Username: @samgxm,Date: 7/26/2024
Rank: 252,Name: milan,Username: @milan:),Date: 7/28/2024
Rank: 253,Name: Ramiro Faustino,Username: @ramiros1,Date: 7/28/2024
Rank: 254,Name: Eduardo,Username: @edbar42,Date: 7/30/2024
Rank: 255,Name: Phillip,Username: @descriptiveguide83,Date: 7/30/2024
Rank: 256,Name: Eymard,Username: @eymardfreire,Date: 7/30/2024
Rank: 257,Name: Jack,Username: @excitingteacher19,Date: 7/30/2024
Rank: 258,Name: gafa,Username: @truepride93,Date: 7/30/2024
Rank: 259,Name: Nhat Tai,Username: @palatablework88,Date: 7/30/2024
Rank: 260,Name: Wilson,Username: @swiftinfluence61,Date: 7/31/2024
Rank: 261,Name: Danyil,Username: @paradise,Date: 8/2/2024
Rank: 262,Name: John,Username: @johndoesdev,Date: 8/3/2024
Rank: 263,Name: Abdulmumin,Username: @long-termnote76,Date: 8/3/2024
Rank: 264,Name: Chris,Username: @loosebank87,Date: 8/4/2024
Rank: 265,Name: Bla≈æ,Username: @aptcommunity88,Date: 8/4/2024
